1200 Micrograms,Acid For Nothing - Original Mix,Heroes of The Imagination,https://www.youtube.com/watch?v=971IFBvtsh4,
2CELLOS,Smells Like Teen Spirit,2CELLOS,https://www.youtube.com/watch?v=Kx1BOUufNo0,
2CELLOS,Smooth Criminal,2CELLOS,https://www.youtube.com/watch?v=Nuy6EKEqAcs,
2CELLOS,The Trooper,2CELLOS,https://www.youtube.com/watch?v=a85SGBYiofs,
2CELLOS,They Don't Care About Us,2CELLOS,https://www.youtube.com/watch?v=l-9VZZWtMfQ,
2CELLOS,Thunderstruck,2CELLOS,https://www.youtube.com/watch?v=uT3SBzmDxGk,
2CELLOS,Voodoo People,2CELLOS,https://www.youtube.com/watch?v=q3Un3lK8ijw,
2CELLOS,Wake Me Up,2CELLOS,https://www.youtube.com/watch?v=N-YuSKeFMxY,
"Aaron Smith, Krono, Luvli",Dancin (feat. Luvli) - Krono Remix,Dancin (feat. Luvli) [Krono Remix],https://www.youtube.com/watch?v=KIAZWfSmNOU,
AC/DC,Back In Black,Back In Black,https://www.youtube.com/watch?v=kEAp_Z9cpZ4,
AC/DC,T.N.T.,High Voltage,https://www.youtube.com/watch?v=NhsK5WExrnE,
AC/DC,Highway to Hell,Highway to Hell,https://www.youtube.com/watch?v=L_AYoLZGoHo,
AC/DC,Thunderstruck,The Razors Edge,https://www.youtube.com/watch?v=J1LaUaZm_nQ,
AC/DC,You Shook Me All Night Long,Who Made Who,https://www.youtube.com/watch?v=3G6oLyWohUg,
Adele,Rolling in the Deep,21,https://www.youtube.com/watch?v=bDtjO-R0QSo,
Adele,Set Fire to the Rain,21,https://www.youtube.com/watch?v=uJdu4Lfy8aI,
AFI,Get Dark,Get Dark,https://www.youtube.com/watch?v=N0LXSAvWd10,
After Midnight Project,Hollywood,Let's Build Something To Break,https://www.youtube.com/watch?v=1RpHUrIaGkI,
Alexandra Stan,Mr. Saxobeat,Mr. Saxobeat,https://www.youtube.com/watch?v=lAhHNCfA7NI,
alt-J,Breezeblocks,An Awesome Wave,https://www.youtube.com/watch?v=z5OTBVgOFYg,
alt-J,Left Hand Free,This Is All Yours,https://www.youtube.com/watch?v=sA5TfpA5mT4,
Apollo 440,Stop the Rock,Gettin' High On Your Own Supply,https://www.youtube.com/watch?v=pURJDToKA0k,
Arcade Fire,The Suburbs,The Suburbs,https://www.youtube.com/watch?v=NHHLISaLe44,
Arctic Monkeys,Fluorescent Adolescent,Favourite Worst Nightmare (Standard Version),https://www.youtube.com/watch?v=GPGdXrQID7c,
Atlas Genius,Trojans,When It Was Now,https://www.youtube.com/watch?v=lGmCjVbC1CY,
Attack! Attack!,You and Me,Attack! Attack!,https://www.youtube.com/watch?v=Au6cPNeaPqo,
AWOLNATION,Sail,Megalithic Symphony,https://www.youtube.com/watch?v=5SiJg43j2nk,
B.o.B,Airplanes,Airplanes,https://www.youtube.com/watch?v=Aebgf1_iryI,
B.o.B,Airplanes Pt. II ft Hayley Williams & Eminem,"Airplanes, Pt. II (feat. Eminem & Hayley Williams of Paramore)",https://www.youtube.com/watch?v=aJ_M4pV_eOQ,
B.o.B,Magic,B.o.B Presents: The Adventures of Bobby Ray,https://www.youtube.com/watch?v=Cq-NShfefks,
B.o.B,Nothin' on You,Nothin' on You (feat. Bruno Mars),https://www.youtube.com/watch?v=u3lz7oSd6JE,
Bang Camaro,Push Push (Lady Lightning),Bang Camaro,https://www.youtube.com/watch?v=3EBmPjvY9Cg,
Basement Jaxx,Do Your Thing,The Singles,https://www.youtube.com/watch?v=GGDiKq9Irvw,
Benny Benassi,Satisfaction,Hypnotica,https://www.youtube.com/watch?v=a0fkNdPiIL4,
Biffy Clyro,Wolves of Winter,Ellipsis (Deluxe),https://www.youtube.com/watch?v=TJObtorMOYM,
"Billie Eilish, Khalid",lovely (with Khalid),lovely (with Khalid),https://www.youtube.com/watch?v=Gm0ivv9Me44,
Black Eyed Peas,Let's Get It Started,Elephunk,https://www.youtube.com/watch?v=uS9A9lqd7-k,
Black Pistol Fire,Level,Level,https://www.youtube.com/watch?v=5J0-75sOe7k,
Black Rebel Motorcycle Club,Weapon Of Choice,Weapon Of Choice,https://www.youtube.com/watch?v=UPWbOWoJRO4,
Black Strobe,I'm A Man,Burn Your Own Church,https://www.youtube.com/watch?v=S6UyDz4QBWk,
Blackbear,Hot Girl Bummer,Everything Means Nothing,https://www.youtube.com/watch?v=k-T4Odb-r5c,
Bleachers,I Wanna Get Better,Strange Desire,https://www.youtube.com/watch?v=8twpQTna_9w,
Bloc Party,Helicopter,Silent Alarm,https://www.youtube.com/watch?v=zpjRmIqrejg,
Bobby Day,Rockin' Robin,Doo Wop Heaven,https://www.youtube.com/watch?v=QZKSYBMCDdM,
Bobby McFerrin,Don't Worry Be Happy,Simple Pleasures,https://www.youtube.com/watch?v=rjOKm28hUXk,
Bombay Bicycle Club,Shuffle,A Different Kind Of Fix,https://www.youtube.com/watch?v=JBRL-y3NRZ8,
Bon Jovi,You Give Love A Bad Name,Slippery When Wet,https://www.youtube.com/watch?v=N0CK36W9c00,
Breakbot,Baby I'm Yours - feat. Irfrane,By Your Side,https://www.youtube.com/watch?v=fFcpJ3i5_78,
Bring Me The Horizon,MANTRA,amo,https://www.youtube.com/watch?v=hvZxPWmnqeo,
Broken Bells,No Matter What You're Told,After the Disco,https://www.youtube.com/watch?v=_2Hh3c-hRVE,
Broken Bells,The High Road,Broken Bells,https://www.youtube.com/watch?v=cITQNBWgWZw,
Bruno Mars,Uptown Funk,Uptown Special,https://www.youtube.com/watch?v=7Ya2U8XN_Zw,
Bryce Vine,Sour Patch Kids,Lazy Fair,https://www.youtube.com/watch?v=pxMIzZeD1o4,
C2C,Delta,Tetra,https://www.youtube.com/watch?v=-IO0FZIotRI,
Caesars,Jerk It Out,Love For The Streets,https://www.youtube.com/watch?v=Da7GZqXEfyU,
Cage The Elephant,Ain't No Rest for the Wicked,Cage The Elephant (Expanded Edition),https://www.youtube.com/watch?v=e2Z0sON2UPc,
Cage The Elephant,Cold Cold Cold,Tell Me I'm Pretty,https://www.youtube.com/watch?v=TzFdKMyIzMo,
"Calvin Harris, Ellie Goulding",Outside (feat. Ellie Goulding),Motion,https://www.youtube.com/watch?v=MjEYCUJuh-g,
Capital Cities,Safe And Sound,In A Tidal Wave Of Mystery (Deluxe Edition),https://www.youtube.com/watch?v=mQmOZX-8EZI,
Caravan Palace,Brotherswing,<|�_�|>,https://www.youtube.com/watch?v=JpxLaTsylBU,
Caravan Palace,Comics,<|�_�|>,https://www.youtube.com/watch?v=gaFh71YwZ4Y,
Caravan Palace,Dramophone,<|�_�|>,https://www.youtube.com/watch?v=A7lxd7RL1To,
Caravan Palace,Lone Digger,<|�_�|>,https://www.youtube.com/watch?v=UbQgXeY_zi4,
Caravan Palace,Rock It For Me,<|�_�|>,https://www.youtube.com/watch?v=fBGSJ3sbivI,
Caravan Palace,Wonderland,<|�_�|>,https://www.youtube.com/watch?v=vCXsRoyFRQE,
Caravan Palace,Moonshine,Chronologic,https://www.youtube.com/watch?v=LEEnJQCOXZw,
Caravan Palace,Miracle,Miracle,https://www.youtube.com/watch?v=XRP9k9nlAfE,
Caravan Palace,Plume,Plume,https://www.youtube.com/watch?v=cq3fwlZdWhw,
CeeLo Green,Fuck You,The Lady Killer,https://www.youtube.com/watch?v=CAV0XrbEwNc,
Chuck Berry,Johnny B. Goode,Berry Is On Top,https://www.youtube.com/watch?v=Y1wLTJf_WtU,
CHVRCHES,The Mother We Share,The Bones of What You Believe,https://www.youtube.com/watch?v=TOu0kPPH4m0,
Cobra Starship,Pete Wentz Is the Only Reason We're Famous,Hot Mess,https://www.youtube.com/watch?v=fVMREOX3auw,
Cobra Starship,Church of Hot Addiction,"While the City Sleeps, We Rule the Streets",https://www.youtube.com/watch?v=F_GtIACo4Oc,
Cold War Kids,First,Hold My Home,https://www.youtube.com/watch?v=zE23hMLbHg4,
Coldplay,Something Just Like This,Unknown,https://www.youtube.com/watch?v=FM7MFYoylVs,
Coldplay,Viva La Vida,Viva La Vida or Death and All His Friends,https://www.youtube.com/watch?v=MY4eEOB1wSI,
Cypis,Gdzie jest bia?y w?gorz? (Zej?cie),Gdzie jest bia?y w?gorz? (Zej?cie),https://www.youtube.com/watch?v=6GCng7cjJ7M,
Daft Punk,"Harder, Better, Faster, Stronger - Alive Extended 2007","Harder, Better, Faster, Stronger (Live)",https://www.youtube.com/watch?v=sTymt-na1dE,
Daft Punk,Instant Crush (feat. Julian Casablancas),Random Access Memories,https://www.youtube.com/watch?v=1hA9vyUeKRs,
"Danheim, Geald�r ",Ymir,Ymir,https://www.youtube.com/watch?v=lEJW1XTPpOE,
Daryl Hall & John Oates,You Make My Dreams (Come True),Voices,https://www.youtube.com/watch?v=kY27wmTZwyg,
Datarock,Computer Camp Love,Datarock Datarock,https://www.youtube.com/watch?v=uM2HkxdVBYo,
David Guetta,Love Is Gone,Pop Life,https://www.youtube.com/watch?v=MoldbXBqYnY,
deadmau5,Ghosts 'n' Stuff,For Lack of a Better Name (The Extended Mixes),https://www.youtube.com/watch?v=4ky-gventQo,
Depeche Mode,Personal Jesus,The Singles 86-98,https://www.youtube.com/watch?v=JP1ijanTrdY,
DEV,In The Dark,The Night The Sun Came Up,https://www.youtube.com/watch?v=mgEixhE3Oms,
Dexys Midnight Runners,Come On Eileen,St. Paddys Day,https://www.youtube.com/watch?v=cefdW5t30CI,
DJ Blyatman,Ez Katka,Ez Katka,https://www.youtube.com/watch?v=J3k54wDsjP4,
DJ Blyatman,Kamaz,Kamaz,https://www.youtube.com/watch?v=dzTAPY4uEYE,
DJ Fresh,X Project,Escape From Planet Monday,https://www.youtube.com/watch?v=R3dcIcCxXeo,
DNCE,Cake By The Ocean,DNCE,https://www.youtube.com/watch?v=pf3rdnzNgOg,
DragonForce,Through the Fire and Flames,Inhuman Rampage,https://www.youtube.com/watch?v=ntG_EEfpasM,
DZ Deathrays,Gina Works at Hearts,Black Rat,https://www.youtube.com/watch?v=Hzs-de_SztQ,
"Earth\, Wind & Fire, The Emotions",Boogie Wonderland,I Am,https://www.youtube.com/watch?v=uJiPKu9CMug,
Editors,Munich,The Back Room,https://www.youtube.com/watch?v=zI1aGLkSOAg,
Electric Light Orchestra,Don't Bring Me Down,Discovery,https://www.youtube.com/watch?v=-rD-0tlGGPo,
Electric Light Orchestra,Mr. Blue Sky,Out of the Blue,https://www.youtube.com/watch?v=s7dTBoW5H9k,
Electric Six,Danger! High Voltage,Fire,https://www.youtube.com/watch?v=kYDw0UAp17A,
Elle King,Ex's & Oh's,Love Stuff,https://www.youtube.com/watch?v=X9OvgrxaPKU,
Eminem,Cleanin' Out My Closet,Curtain Call: The Hits (Deluxe Edition),https://www.youtube.com/watch?v=F8i_JNH42lA,
Eminem,Just Don't Give A Fuck,Curtain Call: The Hits (Deluxe Edition),https://www.youtube.com/watch?v=cC33gH6RE5k,
Eminem,Just Lose It,Curtain Call: The Hits (Deluxe Edition),https://www.youtube.com/watch?v=BLLe0y8WK00,
Eminem,Like Toy Soldiers,Curtain Call: The Hits (Deluxe Edition),https://www.youtube.com/watch?v=UcjVX-mza-U,
Eminem,Lose Yourself,Curtain Call: The Hits (Deluxe Edition),https://www.youtube.com/watch?v=tR1ECf4sEpw,
Eminem,Role Model,Curtain Call: The Hits (Deluxe Edition),https://www.youtube.com/watch?v=sAccm7xUH38,
Eminem,Shake That,Curtain Call: The Hits (Deluxe Edition),https://www.youtube.com/watch?v=4t4xjBvmbI0,
Eminem,Sing For The Moment,Curtain Call: The Hits (Deluxe Edition),https://www.youtube.com/watch?v=ExcQV4u4BGY,
Eminem,Stan,Curtain Call: The Hits (Deluxe Edition),https://www.youtube.com/watch?v=o9K0lsK6qLM,
Eminem,The Real Slim Shady,Curtain Call: The Hits (Deluxe Edition),https://www.youtube.com/watch?v=UMPofnwxgKI,
Eminem,The Way I Am,Curtain Call: The Hits (Deluxe Edition),https://www.youtube.com/watch?v=idfNwe-Ism0,
Eminem,When I'm Gone,Curtain Call: The Hits (Deluxe Edition),https://www.youtube.com/watch?v=HnEwvZYdAlE,
Eminem,Ass Like That,Encore,https://www.youtube.com/watch?v=R_XFVAwqi78,
Eminem,'Till I Collapse,The Eminem Show,https://www.youtube.com/watch?v=Obim8BYGnOE,
Eminem,Without Me,The Eminem Show,https://www.youtube.com/watch?v=-8xhmV3JoG4,
Eminem,Rap God,The Marshall Mathers LP2 (Deluxe),https://www.youtube.com/watch?v=S7cQ3b0iqLo,
Eric Prydz,Call on Me,MinistryVaults,https://www.youtube.com/watch?v=qetW6R9Jxs4,
Eurythmics,Sweet Dreams (Are Made of This) - Remastered,Sweet Dreams (Are Made Of This),https://www.youtube.com/watch?v=eRhg7qPLeN8,
Fall Out Boy,"Dance, Dance",From Under The Cork Tree,https://www.youtube.com/watch?v=2ZB5uewPVEk,
Fall Out Boy,Light Em Up,Save Rock And Roll,https://www.youtube.com/watch?v=Z5LJ2NX2ggQ,
"Far East Movement, Ryan Tedder, Ruff Loaderz",Rocketeer,Free Wired,https://www.youtube.com/watch?v=KGSd68hM_qQ,
Fatboy Slim,Weapon of Choice,Halfway Between The Gutter And The Stars,https://www.youtube.com/watch?v=yHirGDEUcWo,
Fatboy Slim,Praise You,The Greatest Hits: Why Try Harder,https://www.youtube.com/watch?v=sf9g6tyi9Tc,
Flo Rida,Good Feeling,Wild Ones,https://www.youtube.com/watch?v=hV2z4oBNFKs,
Focus,Hocus Pocus,Moving Waves,https://www.youtube.com/watch?v=MV0F_XiR48Q,
Foo Fighters,The Pretender,"Echoes, Silence, Patience & Grace",https://www.youtube.com/watch?v=nLjVtDtyDlY,
Foo Fighters,Monkey Wrench,The Colour And The Shape,https://www.youtube.com/watch?v=UiRGVD2CNpw,
Foreigner,Juke Box Hero,4 (Expanded),https://www.youtube.com/watch?v=UhBJBlOJDng,
Foster The People,Don't Stop (Color on the Walls),Torches,https://www.youtube.com/watch?v=I1v6u9_oNeY,
Foster The People,Houdini,Torches,https://www.youtube.com/watch?v=Bv5okx42-9g,
Frank Carter & the Rattlesnakes,Lullaby,Lullaby,https://www.youtube.com/watch?v=DDgekKQ8nLc,
Franz Ferdinand,Take Me Out,Franz Ferdinand,https://www.youtube.com/watch?v=h66dI0q_9As,
Franz Ferdinand,Outsiders,You Could Have It So Much Better,https://www.youtube.com/watch?v=AMBQywN_86o,
George Thorogood & The Destroyers,Bad To The Bone,BAD TO THE BONE,https://www.youtube.com/watch?v=OlwRNCnsbUg,
Gingy,Swagger,Wreck EP,https://www.youtube.com/watch?v=Oyd42-DgTs8,
Gorillaz,Feel Good Inc.,Demon Days,https://www.youtube.com/watch?v=ZxVw7bvMd3s,
Gorillaz,On Melancholy Hill,Plastic Beach,https://www.youtube.com/watch?v=p00v9ZFhWJM,
Green Day,Holiday / Boulevard of Broken Dreams,American Idiot,https://www.youtube.com/watch?v=J0xe5DcnYSA,
Green Day,Wake Me up When September Ends,American Idiot,https://www.youtube.com/watch?v=rdpBZ5_b48g,
Guns N' Roses,Paradise City,Appetite For Destruction,https://www.youtube.com/watch?v=PS3zuN_jrAU,
Hey Geronimo,Bad Citizen,Content,https://www.youtube.com/watch?v=CUMjFqgqUyI,
Highly Suspect,Lydia,Mister Asylum,https://www.youtube.com/watch?v=QLXngbk0DPs,
I DONT KNOW HOW BUT THEY FOUND ME,Choke,Choke,https://www.youtube.com/watch?v=mvJjmWTg7Qo,
Imagine Dragons,Believer,Believer,https://www.youtube.com/watch?v=IhP3J0j9JmY,
Imagine Dragons,Demons,Demons,https://www.youtube.com/watch?v=gcwecLc1L4g,
Imagine Dragons,Thunder,Evolve,https://www.youtube.com/watch?v=4AqjqOqNrjw,
Imagine Dragons,On Top of the World,Night Visions,https://www.youtube.com/watch?v=e74VMNgARvY,
Imagine Dragons,Radioactive,Radioactive,https://www.youtube.com/watch?v=vrgaB9xu7GM,
Imagine Dragons,Thunder,Thunder,https://www.youtube.com/watch?v=GtEvysh1654,
"Jeff Williams, Casey Lee Williams, Lamar Hall",Caffeine (feat. Lamar Hall),"RWBY, Vol. 2 (Music from the Rooster Teeth Series)",https://www.youtube.com/watch?v=yQ94uM_e4P4,
Jet,Are You Gonna Be My Girl,Get Born,https://www.youtube.com/watch?v=aMJ_OxqDCR8,
John Newman,Love Me Again,Tribute,https://www.youtube.com/watch?v=rH4XNaBUTJs,
Johnny Cash,(Ghost) Riders in the Sky,Silver,https://www.youtube.com/watch?v=3LtmZM0OWO8,
"Josh A, iamjakehill",Cycles,Save Our Souls,https://www.youtube.com/watch?v=rjYoLG_V6cM,
Journey,Don't Stop Believin',Escape,https://www.youtube.com/watch?v=1k8craCGpgs,
Kaiser Chiefs,Everyday I Love You Less and Less,Employment,https://www.youtube.com/watch?v=EDXK_A49Qnw,
Kaiser Chiefs,Never Miss a Beat,Off with Their Heads,https://www.youtube.com/watch?v=GLQRM2h1Ngo,
Katrina & The Waves,Walking On Sunshine,Katrina & The Waves,https://www.youtube.com/watch?v=qK5KhQG06xU,
Kero Kero Bonito,Only Acting,Only Acting,https://www.youtube.com/watch?v=NjiO6RMoJfQ,
KONGOS,Come With Me Now,Lunatic,https://www.youtube.com/watch?v=5tDjYuqJRJQ,
Kraftwerk Ae?ro Dynamik Alex Gopher Etienne de Crecy Dynamik,Ae?ro Dynamik,Ae?ro Dynamik,https://www.youtube.com/watch?v=2-bWeVkwjUw,
Kurt Vile,Pretty Pimpin,b'lieve i'm goin down...,https://www.youtube.com/watch?v=vEGQ7Y3oK0o,
LCD Soundsystem,Dance Yrself Clean,This Is Happening,https://www.youtube.com/watch?v=TmEnlyhxLzA,
Lil Dicky,Lemme Freak,Professional Rapper,https://www.youtube.com/watch?v=QjPrhbxLfVM,
Linkin Park,A Place for My Head,Linkin Park Best Songs,https://www.youtube.com/watch?v=xYpotRo75Ng,
Linkin Park,Bleed It Out,Linkin Park Best Songs,https://www.youtube.com/watch?v=f9FNxS5WS5M,
Linkin Park,Breaking The Habit,Linkin Park Best Songs,https://www.youtube.com/watch?v=rjdHdIG942s,
Linkin Park,Castle of Glass,Linkin Park Best Songs,https://www.youtube.com/watch?v=D3MB_EkNV5Y,
Linkin Park,Crawling,Linkin Park Best Songs,https://www.youtube.com/watch?v=vZ7nTHxWyOk,
Linkin Park,In The End,Linkin Park Best Songs,https://www.youtube.com/watch?v=eVTXPUF4Oz4,
Linkin Park,Iridescent,Linkin Park Best Songs,https://www.youtube.com/watch?v=uCaXDOgQus0,
Linkin Park,Leave Out All The Rest,Linkin Park Best Songs,https://www.youtube.com/watch?v=wtOuyNMc5rY,
Linkin Park,My December,Linkin Park Best Songs,https://www.youtube.com/watch?v=zM5GS0X70-4,
Linkin Park,New Divide,Linkin Park Best Songs,https://www.youtube.com/watch?v=B1rVLrFO3WQ,
Linkin Park,Numb,Linkin Park Best Songs,https://www.youtube.com/watch?v=8P0vKLHbtMg,
Linkin Park,Somewhere I Belong,Linkin Park Best Songs,https://www.youtube.com/watch?v=GEGieUB4b3c,
Linkin Park,Waiting for the End,Linkin Park Best Songs,https://www.youtube.com/watch?v=5qF_qbaWt3Q,
Linkin Park,What I've Done,Linkin Park Best Songs,https://www.youtube.com/watch?v=Q3gy8A0jY10,
LMFAO,Champagne Showers,Champagne Showers,https://www.youtube.com/watch?v=MnqrlQ3uOXk,
LMFAO,Sexy And I Know It,Sorry For Party Rocking (Deluxe Version),https://www.youtube.com/watch?v=mau7IuKhn1k,
Lou Bega,Mambo No. 5,A Little Bit of Mambo,https://www.youtube.com/watch?v=CiaMTs7dI4E,
M83,Midnight City,"Hurry Up, We're Dreaming",https://www.youtube.com/watch?v=1D2ItvuOlV4,
"Machine Gun Kelly, Kid Rock",Bad Mother Fucker,General Admission (Deluxe),https://www.youtube.com/watch?v=iQtP_aH13Cw,
"Macklemore & Ryan Lewis, Macklemore, Ryan Lewis, Ray Dalton",Can't Hold Us (feat. Ray Dalton),The Heist,https://www.youtube.com/watch?v=VG3JsmOmDqw,
"Macklemore & Ryan Lewis, Wanz",Thrift Shop (feat. Wanz),The Heist,https://www.youtube.com/watch?v=kbwBdhVpL1U,
Magic,Rude,Best of DJ Ti�sto ,https://www.youtube.com/watch?v=PIh2xe4jnpk,
Mando Diao,Dance With Somebody,Greatest Hits Volume 1,https://www.youtube.com/watch?v=pZq5puWNw-c,
Maroon 5,Sugar,V,https://www.youtube.com/watch?v=iPcX6EpJI3o,
Mason,Exceeder - Original Mix,Exceeder Remixes,https://www.youtube.com/watch?v=NuCHg_yfOhk,
Mastodon,Show Yourself,Emperor of Sand,https://www.youtube.com/watch?v=IrVf_Esf9XI,
Metallica,Hardwired,Hardwired To Self-Destruct (Deluxe),https://www.youtube.com/watch?v=amHusSzjYg0,
MGMT,Electric Feel,Oracular Spectacular,https://www.youtube.com/watch?v=fbkv5xOLvnA,
Michael Jackson,Billie Jean,Thriller 25 Super Deluxe Edition,https://www.youtube.com/watch?v=DKFS2tDsZRY,
Mindless Self Indulgence,Faggot,Frankenstein Girls Will Seem Strangely Sexy,https://www.youtube.com/watch?v=Psl_5n8R23A,
Mindless Self Indulgence,Prescription,If,https://www.youtube.com/watch?v=BjCjqgg0dXA,
Mindless Self Indulgence,For the Love of God,PINK,https://www.youtube.com/watch?v=wUZPXSH0RwI,
Mindless Self Indulgence,Never Wanted to Dance,You'll Rebel To Anything,https://www.youtube.com/watch?v=zYYy7okPoL0,
Mindless Self Indulgence,Shut Me Up,You'll Rebel To Anything,https://www.youtube.com/watch?v=UVARvsDHgDU,
Ministry of Sound,Kronic 2015 Annual Mix,Kronic 2015 Annual Mix,https://www.youtube.com/watch?v=O1pl6RclRMQ,
Ministry of Sound,NYE 2020 Mega Mix,NYE 2020 Mega Mix,https://www.youtube.com/watch?v=_XsPSwodWeg,
Ministry of Sound,NYE 2021 Mega Mix,NYE 2021 Mega Mix,https://www.youtube.com/watch?v=VuX3NjdvlnU,
Mother Mother,Body,O My Heart,https://www.youtube.com/watch?v=4o0WYiK52Dg,
Mother Mother,Body Of Years,O My Heart,https://www.youtube.com/watch?v=mRODFak0PJM,
Muse,Knights of Cydonia,Black Holes and Revelations,https://www.youtube.com/watch?v=GjXWtEqs8I4,
Muse,Psycho,Drones,https://www.youtube.com/watch?v=UW09k8P0zTc,
Muse,Pressure,Simulation Theory (Super Deluxe),https://www.youtube.com/watch?v=YCRStZMOaaU,
Muse,Madness,The 2nd Law,https://www.youtube.com/watch?v=Mq9zhpBweDk,
Muse,Uprising,The Resistance,https://www.youtube.com/watch?v=OqPVz101nd0,
My Chemical Romance,Bulletproof Heart,Danger Days: The True Lives of the Fabulous Killjoys,https://www.youtube.com/watch?v=SPNYBLsu0ek,
My Chemical Romance,Na Na Na (Na Na Na Na Na Na Na Na Na),Danger Days: The True Lives of the Fabulous Killjoys,https://www.youtube.com/watch?v=Zm8xIo_2Aok,
My Chemical Romance,Party Poison,Danger Days: The True Lives of the Fabulous Killjoys,https://www.youtube.com/watch?v=YV26Byx60eE,
My Chemical Romance,Planetary (GO!),Danger Days: The True Lives of the Fabulous Killjoys,https://www.youtube.com/watch?v=UvfNmXbVHi4,
My Chemical Romance,Vampire Money,Danger Days: The True Lives of the Fabulous Killjoys,https://www.youtube.com/watch?v=BjZ0dNCHR5U,
My Chemical Romance,Dead!,The Black Parade,https://www.youtube.com/watch?v=H48kOqqaWv0,
My Chemical Romance,Teenagers,The Black Parade,https://www.youtube.com/watch?v=43DTbNfD8Yg,
My Chemical Romance,Welcome to the Black Parade,The Black Parade,https://www.youtube.com/watch?v=RRKJiM9Njr8,
Neon Plastix,On Fire,Awesome Moves,https://www.youtube.com/watch?v=i1B6Z4let5w,
NF,The Search,The Search,https://www.youtube.com/watch?v=fnlJw9H0xAM,
Nier Automata,Amusement Park,Nier Automata OST,https://www.youtube.com/watch?v=8jpJM6nc6fE,
Nier Automata,Become as Gods,Nier Automata OST,https://www.youtube.com/watch?v=ci3gO75B3Yc,
Nier Automata,City Ruins,Nier Automata OST,https://www.youtube.com/watch?v=hMw-DUnR10s,
Nier Automata,Faltering Prayer (Starry Sky),Nier Automata OST,https://www.youtube.com/watch?v=jju9RYsxBkU,
Nier Automata,Grandma,Nier Automata OST,https://www.youtube.com/watch?v=tDHRpWNq2-s,
Nier Automata,Mad Songstress,Nier Automata OST,https://www.youtube.com/watch?v=KJBUF-s15co,
Nier Automata,Memories of Dust,Nier Automata OST,https://www.youtube.com/watch?v=wdOdu-5lV-M,
Nier Automata,Voice of No Return,Nier Automata OST,https://www.youtube.com/watch?v=ABvi5qegodY,
Nier Automata,Weight of the World,Nier Automata OST,https://www.youtube.com/watch?v=ToBQY630PZE,
Nirvana,Smells Like Teen Spirit,Nevermind (Remastered),https://www.youtube.com/watch?v=3u2YbzQHT14,
Noisia,Seven Stitches,Seven Stitches / Groundhog,https://www.youtube.com/watch?v=00IbosagHO4,
Noisia,Machine Gun - Original Mix,Split The Atom: Special Edition,https://www.youtube.com/watch?v=u06khcAhA04,
Norman Greenbaum,Spirit in the Sky,Music From The Motion Picture Michael,https://www.youtube.com/watch?v=DA2wf932Frk,
Northeast Party House,Youth Allowance,Any Given Weekend,https://www.youtube.com/watch?v=h9J6oO9iMFU,
OneRepublic,Love Runs Out,Native,https://www.youtube.com/watch?v=m-j-n-XJ-Tg,
Paolo Nutini,New Shoes,These Streets,https://www.youtube.com/watch?v=zuzTHxOR4C0,
"Paul Rawson, Danny Farrant",In the Pines,Dark Country 2,https://www.youtube.com/watch?v=8TI1D7cCNdM,
Phoenix,Entertainment,Bankrupt!,https://www.youtube.com/watch?v=8pqX8kAbZZ4,
Poor Man's Poison,Hells Coming With Me,Unknown,https://www.youtube.com/watch?v=H2T7eSrRXvY,
Portugal. The Man,Atomic Man,Evil Friends,https://www.youtube.com/watch?v=RmUzdNLDLmI,
Portugal. The Man,Hip Hop Kids,Evil Friends,https://www.youtube.com/watch?v=uk4r_vnQPx0,
Portugal. The Man,Purple Yellow Red and Blue,Evil Friends,https://www.youtube.com/watch?v=HEZiaz6f9BI,
Portugal. The Man,Feel It Still,Spotify Singles,https://www.youtube.com/watch?v=F09POwrBn-M,
Portugal. The Man,Easy Tiger,Woodstock,https://www.youtube.com/watch?v=-aWfb9-Ls_4,
Prophets Of Rage,Unfuck The World,Prophets Of Rage,https://www.youtube.com/watch?v=6ad4MH7fMLs,
PSY,Gangnam Style,Gangnam Style,https://www.youtube.com/watch?v=9bZkp7q19f0,
Queen,Another One Bites The Dust - Remastered 2011,The Game (Deluxe Remastered Version),https://www.youtube.com/watch?v=1tLYYSofs3U,
Queens of the Stone Age,The Way You Used To Do,Villains,https://www.youtube.com/watch?v=GvyNyFXHj4k,
Ram Jam,Black Betty,The Dukes Of Hazzard (Music From The Motion Picture),https://www.youtube.com/watch?v=4cn_woPvjQI,
Ramones,Blitzkrieg Bop - 2016 Remaster,Ramones (40th Anniversary Deluxe Edition; 2016 Remaster),https://www.youtube.com/watch?v=NQDPx_k66w4,
Ramones,I Wanna Be Sedated - 2002 Remaster,Road to Ruin (Expanded 2005 Remaster),https://www.youtube.com/watch?v=l0usV_kf-Zc,
Rare Americans,"Cats, Dogs & Rats",Rare Americans,https://www.youtube.com/watch?v=JhEOImokCcM,
Red Hot Chili Peppers,Californication,Californication (Deluxe Edition),https://www.youtube.com/watch?v=LV34GMYLXcA,
Red Hot Chili Peppers,The Adventures of Rain Dance Maggie,I'm with You,https://www.youtube.com/watch?v=H8QoB3sifzw,
Red Hot Chili Peppers,Dani California,Stadium Arcadium,https://www.youtube.com/watch?v=c3dx0UX4sUw,
Redbone,Come and Get Your Love,Come and Get Your Love,https://www.youtube.com/watch?v=bc0KhhjJP98,
Rihanna,Disturbia,Good Girl Gone Bad: Reloaded,https://www.youtube.com/watch?v=x7gfYWjuUR8,
Robbie Williams,Rock DJ,Sing When You're Winning,https://www.youtube.com/watch?v=BnO3nijfYmU,
Royal Republic,Everybody Wants to be an Astronaut,Save the Nation,https://www.youtube.com/watch?v=Og6z9lKJjKI,
"Run The Jewels, Zack De La Rocha",Close Your Eyes (And Count To Fuck),Run The Jewels 2,https://www.youtube.com/watch?v=UvVuEEPM3j0,
Rusted Root,Send Me On My Way,When I Woke,https://www.youtube.com/watch?v=rwHv2XlIC_w,
Saint Motel,A Good Song Never Dies,A Good Song Never Dies,https://www.youtube.com/watch?v=s29fcv5E52Y,
Sam Roberts Band,Human Heat,Lo-Fantasy (Deluxe Version),https://www.youtube.com/watch?v=NICni3ZngWc,
Scooter,Maria (I Like It Loud),20 Years of Hardcore (Remastered),https://www.youtube.com/watch?v=YHjjOC3wD3o,
Shotgun Willy,Oreo (Don't Worry Be Happy),Shotgun Willy,https://www.youtube.com/watch?v=tqiuE9g3Uss,
Sia,Cheap Thrills,This Is Acting (Deluxe Version),https://www.youtube.com/watch?v=PonUS87Yeqw,
Sleigh Bells,Crown On The Ground,Treats,https://www.youtube.com/watch?v=wGEZpSQEhls,
Slipknot,Unsainted,We Are Not Your Kind,https://www.youtube.com/watch?v=9sko8yqEnds,
Smash Mouth,All Star,Astro Lounge,https://www.youtube.com/watch?v=LYG7sMtb6u8,
Smash Mouth,I'm A Believer - Radio Edit,Smash Mouth,https://www.youtube.com/watch?v=0mYBSayCsH0,
Soft Cell,Tainted Love,Non-Stop Erotic Cabaret,https://www.youtube.com/watch?v=22mYcScS_88,
Spector,Just Hiss,Infrasound - EP,https://www.youtube.com/watch?v=zOQXBFVeauI,
Starship,We Built This City,Knee Deep In The Hoopla,https://www.youtube.com/watch?v=NtM3jjLP7AE,
Steppenwolf,Magic Carpet Ride,Born To Be Wild: A Retrospective,https://www.youtube.com/watch?v=U4WiyxXpyZc,
Steppenwolf,Born To Be Wild,Steppenwolf,https://www.youtube.com/watch?v=igvP806798U,
"Steve Aoki, Boehm, WALK THE MOON",Back 2 U (feat. WALK THE MOON),Back 2 U (feat. WALK THE MOON),https://www.youtube.com/watch?v=brYwmiL5FkI,
Stuck in the Sound,Toy Boy,Nevermind the Living Dead,https://www.youtube.com/watch?v=hQf6fP2jB30,
Sweet,Fox On The Run,Best Of Sweet,https://www.youtube.com/watch?v=aN-ldsWbFe8,
Sweet,Ballroom Blitz,Desolation Boulevard,https://www.youtube.com/watch?v=mPQPdYttl7U,
Talking Heads,Psycho Killer,Talking Heads '77 (Deluxe Version),https://www.youtube.com/watch?v=GK2fll5FqX0,
"Tenashar, DJs From Mars, Xamplify",Scream and Shout,Scream and Shout,https://www.youtube.com/watch?v=qWxGZScmQLk,
The 1975,Chocolate,The 1975,https://www.youtube.com/watch?v=CHk5SWVO4p8,
The Animals,House Of The Rising Sun,The Best Of The Animals,https://www.youtube.com/watch?v=X6M_gm5yNDU,
The Beach Boys,409,Surfin' Safari (Remastered),https://www.youtube.com/watch?v=xKKP_cZuk54,
The Beach Boys,Surfin' U.S.A.,Surfin' USA (Remastered),https://www.youtube.com/watch?v=EDb303T-B1w,
The Beatles,Twist And Shout,Please Please Me (Remastered),https://www.youtube.com/watch?v=2RicaUqd9Hg,
The Black Keys,Tighten Up,Brothers,https://www.youtube.com/watch?v=EaGNpnvreY0,
The Black Keys,Gold on the Ceiling,El Camino,https://www.youtube.com/watch?v=OAdTbE9LAtY,
The Black Keys,Little Black Submarines,El Camino,https://www.youtube.com/watch?v=6k8es2BNloE,
The Black Keys,Fever,Fever,https://www.youtube.com/watch?v=iZZUY32iCzU,
The Blood Arm,Suspicious Character,Lie Lover Lie,https://www.youtube.com/watch?v=rD84YT0PXbM,
The Brobecks,Visitation Of The Ghost,Violent Things,https://www.youtube.com/watch?v=I2oJs5rR37A,
The Casanovas,Shake It,Keep It Hot,https://www.youtube.com/watch?v=sng_uW4Mfa8,
The Clash,Should I Stay or Should I Go,Combat Rock (Remastered),https://www.youtube.com/watch?v=59kLvq3_5GA,
The Coral,In the Morning,The Invisible Invasion,https://www.youtube.com/watch?v=5jmsqs9YuBI,
The Crystal Method,Acetone,Legion Of Boom,https://www.youtube.com/watch?v=Nkl8Kvd4Mgc,
The Doors,Touch Me,The Soft Parade,https://www.youtube.com/watch?v=EZaQyYgAGfQ,
The Dreadnoughts,Sleep Is For The Weak,Polka's Not Dead,https://www.youtube.com/watch?v=OXQLDCAApPg,
The Heavy,How You Like Me Now,The House That Dirt Built,https://www.youtube.com/watch?v=PgeluJltn8w,
The Hives,Walk Idiot Walk,Tyrannosaurus Hives,https://www.youtube.com/watch?v=pUw-tF9PNeA,
The Killers,When You Were Young,Sam's Town,https://www.youtube.com/watch?v=4H3ZgR0EESM,
The Kills,Satellite,Blood Pressures,https://www.youtube.com/watch?v=_tCJBc-PozU,
The Kinks,All Day and All of the Night,Kinks,https://www.youtube.com/watch?v=Rp9RUwbKf5g,
The Libertines,Don't Look Back Into The Sun,Time For Heroes - The Best Of The Libertines,https://www.youtube.com/watch?v=Penmb4pq_6k,
The Offspring,Pretty Fly (For A White Guy),Americana,https://www.youtube.com/watch?v=cFnAt_I9STw,
The Offspring,You're Gonna Go Far Kid,"Rise and Fall, Rage and Grace ",https://www.youtube.com/watch?v=1Fwg05rPoPE,
The Proclaimers,I'm Gonna Be (500 Miles),Sunshine on Leith,https://www.youtube.com/watch?v=aJ9usrpAPao,
The Prodigy,Voodoo People,Music For The Jilted Generation,https://www.youtube.com/watch?v=ZYCm2cUjU7Y,
The Rapture,Pieces Of The People We Love,Pieces Of The People We Love,https://www.youtube.com/watch?v=y7-eDXkOc3k,
The Rolling Stones,"Paint It, Black",Aftermath,https://www.youtube.com/watch?v=O4irXQhgMqg,
The Rolling Stones,Sympathy For The Devil,GRRR! (Deluxe Version),https://www.youtube.com/watch?v=GgnClrx8N2k,
The Rolling Stones,(I Can't Get No) Satisfaction,Out Of Our Heads (Remastered),https://www.youtube.com/watch?v=nrIPxlFzDi0,
The Smashing Pumpkins,Bullet With Butterfly Wings,Mellon Collie And The Infinite Sadness (Deluxe Edition),https://www.youtube.com/watch?v=xCmA1uC0r9A,
The Strokes,Threat of Joy,Future Present Past,https://www.youtube.com/watch?v=Qvhcs93C2x8,
The Strokes,Reptilia,Room On Fire,https://www.youtube.com/watch?v=MrLnOfYFVvQ,
The Touch,All I Find,All I Find,https://www.youtube.com/watch?v=WhI2dsVSOfk,
The Touch,Le Night Dominator - Original Mix,EP,https://www.youtube.com/watch?v=Hfy5dWiE-jM,
The Touch,Sermon,Kitsun: Sermon,https://www.youtube.com/watch?v=-SvrW2eotUU,
"The Viles, Madde",Come Off,Come Off,https://www.youtube.com/watch?v=zM9l9u4Qfag,
The Von Bondies,C'mon C'mon,C'mon C'mon,https://www.youtube.com/watch?v=ev1Zsl9gZv0,
The Von Bondies,Pale Bride,"Love, Hate and Then There's You",https://www.youtube.com/watch?v=KSZ_xISJAdk,
The Von Bondies,This Is Our Perfect Crime,"Love, Hate and Then There's You",https://www.youtube.com/watch?v=0hzF85-ZqdA,
The Von Bondies,Broken Man,Pawn Shoppe Heart,https://www.youtube.com/watch?v=EGVLxloM0Lw,
The Von Bondies,No Regrets,Pawn Shoppe Heart,https://www.youtube.com/watch?v=HXLhmc7zW2Q,
The Von Bondies,Pawn Shoppe Heart,Pawn Shoppe Heart,https://www.youtube.com/watch?v=EWE6hUeulAo,
The White Stripes,Seven Nation Army,Elephant,https://www.youtube.com/watch?v=0J2QdDbelmY,
The White Stripes,The Hardest Button To Button,Elephant,https://www.youtube.com/watch?v=bxVFX39un3Y,
The White Stripes,Blue Orchid,Get Behind Me Satan,https://www.youtube.com/watch?v=WmCNf7P7YTA,
The Who,Baba O'Riley,Who's Next,https://www.youtube.com/watch?v=QRTNm6GLJYI,
Thirty Seconds To Mars,Closer To The Edge,This Is War,https://www.youtube.com/watch?v=M4zigrgH-_k,
Ti�sto ,BOOM ft. Sevenn,Best of DJ Ti�sto ,https://www.youtube.com/watch?v=Ra4BDSCfAVo,
Ti�sto ,Chemicals (feat. Thomas Troelsen),Best of DJ Ti�sto ,https://www.youtube.com/watch?v=60oM4wf-ICQ,
Ti�sto ,Grapevine,Best of DJ Ti�sto ,https://www.youtube.com/watch?v=X4u-94d_V1o,
Ti�sto ,My Frequency (feat. RebMoe),Best of DJ Ti�sto ,https://www.youtube.com/watch?v=p73Ga_lIXIg,
Ti�sto ,Split (Only U) ft. The Chainsmokers,Best of DJ Ti�sto ,https://www.youtube.com/watch?v=klIF0nhsxxM,
Ti�sto ,The Business,Best of DJ Ti�sto ,https://www.youtube.com/watch?v=PO_d169ibZ8,
Ti�sto ,Wombass ft. Oliver Heldens,Best of DJ Ti�sto ,https://www.youtube.com/watch?v=oCwjnyrfudY,
Ti�sto ,C'mon (Catch 'Em By Surprise),Ti�sto vs. Diplo ft. Busta Rhymes,https://www.youtube.com/watch?v=j6SSTMpIRFI,
"Tom Morello, Gary Clark Jr., Gramatik",Can't Stop The Bleeding (feat. Gary Clark Jr. & Gramatik),Can't Stop The Bleeding (feat. Gary Clark Jr. & Gramatik),https://www.youtube.com/watch?v=klcbTmVLN4o,
Tones And I,Dance Monkey,Dance Monkey (Stripped Back) / Dance Monkey,https://www.youtube.com/watch?v=1__CAdTJ5JU,
Toploader,Achilles Heel,Onka's Big Moka,https://www.youtube.com/watch?v=6hJ6SV9t3d0,
Toploader,Dancing in the Moonlight - 2001 Remix,Onka's Big Moka,https://www.youtube.com/watch?v=gt_12Y6hPLc,
Tove Lo,Habits (Stay High),Queen Of The Clouds,https://www.youtube.com/watch?v=oh2LWWORoiM,
Tove Lo,Habits (Stay High) ft. The Chainsmokers,Queen Of The Clouds,https://www.youtube.com/watch?v=SQ-iwsVHbH8,
Twenty One Pilots,Ride,Blurryface,https://www.youtube.com/watch?v=jHKQof8WIlI,
Twenty One Pilots,Stressed Out,Blurryface,https://www.youtube.com/watch?v=f1tDFtMjwAE,
Two Fingers,Marmite Rhythm,Two Fingers (Instrumentals),https://www.youtube.com/watch?v=B87UXDoxF9k,
"Usher, Lil Jon, Ludacris",Yeah! (feat. Lil Jon & Ludacris),Confessions (Expanded Edition),https://www.youtube.com/watch?v=b0Ow9PBxZCA,
Utada Hikaru,Face My Fears,Kingdom Hearts 3 Re:Mind OST,https://www.youtube.com/watch?v=XtK50cbCAdk,
Vance Joy,Riptide,Dream Your Life Away (Special Edition),https://www.youtube.com/watch?v=lYoWuaw5nSk,
Various Artists,Timber x Counting Stars x Boujee,DJ SPA MASHUP,https://www.youtube.com/watch?v=HP4xOKdlZ88,
Various Artists,Awesome Mix Vol.1 & 2,Guardians of the Galaxy,https://www.youtube.com/watch?v=3Wf29RiKp70,
WALK THE MOON,Shut Up and Dance,TALKING IS HARD,https://www.youtube.com/watch?v=_glQsoPesQo,
WALK THE MOON,Timebomb,Timebomb,https://www.youtube.com/watch?v=H3BCMPZjTFQ,
WALK THE MOON,Kamikaze,What If Nothing,https://www.youtube.com/watch?v=SICL06V1IOA,
WALK THE MOON,One Foot,What If Nothing,https://www.youtube.com/watch?v=gcaL-N0AiDw,
War,Why Can't We Be Friends?,Why Can't We Be Friends?,https://www.youtube.com/watch?v=uj4551M2Qjk,
Wham!,Wake Me Up Before You Go-Go,Make It Big,https://www.youtube.com/watch?v=ELflyACZXQQ,
Will.I.Am,Scream & Shout (Feat. Britney Spears) ,Scream & Shout,https://www.youtube.com/watch?v=jXw7DUxQWMc,
Wolfmother,Joker And The Thief,Wolfmother,https://www.youtube.com/watch?v=Nr0SqIAFohk,
Yoko Kanno,Tank!,Seatbelts,https://www.youtube.com/watch?v=UFFa0QoHWvE,
Yoko Shimomura,Dismiss,Kingdom Hearts 3 Re:Mind OST,https://www.youtube.com/watch?v=H541uLTNa04,
Yoko Shimomura,Forze de Male,Kingdom Hearts 3 Re:Mind OST,https://www.youtube.com/watch?v=LjpVSNISJ04,
Yoko Shimomura,Forze Dell'Oscurita,Kingdom Hearts 3 Re:Mind OST,https://www.youtube.com/watch?v=QN-pfdWvsGE,
Yoko Shimomura,L'Eminenza Oscura,Kingdom Hearts 3 Re:Mind OST,https://www.youtube.com/watch?v=qPuiJjXYmqM,
Yoko Shimomura,L'Impeto Oscuro,Kingdom Hearts 3 Re:Mind OST,https://www.youtube.com/watch?v=qvOXEp5_kD0,
Yoko Shimomura,Lord of the Castle,Kingdom Hearts 3 Re:Mind OST,https://www.youtube.com/watch?v=s5eHULhZq6o,
Yoko Shimomura,L'Oscurit� dell'Ignot,Kingdom Hearts 3 Re:Mind OST,https://www.youtube.com/watch?v=zEcVLwOq0Oo,
Yoko Shimomura,Nachtfl�gel,Kingdom Hearts 3 Re:Mind OST,https://www.youtube.com/watch?v=mi3QrKb9dLA,
Yoko Shimomura,Saix 13th Dilemma,Kingdom Hearts 3 Re:Mind OST,https://www.youtube.com/watch?v=qb39ghWWM-E,
Yoko Shimomura,Vector to the Heavens,Kingdom Hearts 3 Re:Mind OST,https://www.youtube.com/watch?v=_X2DX8Vkyc8,
"Yolanda Be Cool, DCup",We No Speak Americano,We No Speak Americano,https://www.youtube.com/watch?v=7E9Ed9DUQoQ,
Young the Giant,Silvertongue,Home of the Strange,https://www.youtube.com/watch?v=_lfF6eIEhhI,
